Index	NumberPSM	Gene	MaxPepProb	ReferenceIntensity	37_Treatment_1	40.4_Treatment_1	44_Treatment_1	46.9_Treatment_1	49.8_Treatment_1	52.9_Treatment_1	55.5_Treatment_1	58.6_Treatment_1	62_Treatment_1	66.3_Treatment_1	37_Treatment_2	40.4_Treatment_2	44.0_Treatment_2	46.9_Treatment_2	49.8_Treatment_2	52.9_Treatment_2	55.5_Treatment_2	58.6_Treatment_2	62.0_Treatment_2	66.3_Treatment_2	37_Vehicle_1	40.4_Vehicle_1	44.0_Vehicle_1	46.9_Vehicle_1	49.8_Vehicle_1	52.9_Vehicle_1	55.5_Vehicle_1	58.6_Vehicle_1	62.0_Vehicle_1	66.3_Vehicle_1	37_Vehicle_2	40.4_Vehicle_2	44.0_Vehicle_2	46.9_Vehicle_2	49.8_Vehicle_2	52.9_Vehicle_2	55.5_Vehicle_2	58.6_Vehicle_2	62.0_Vehicle_2	66.3_Vehicle_2
A0AVI4	1	TMEM129	1	6447.220702	NA	NA	NA	NA	NA	NA	NA	NA	NA	NA	NA	NA	NA	NA	NA	NA	NA	NA	NA	NA	1.536990895	1.788976157	1.966408807	1.594291458	1.107405364	0.397539908	0.638156105	0.303427873	0.425194136	0.241609297	NA	NA	NA	NA	NA	NA	NA	NA	NA	NA
A0AVT1	102	UBA6	1	6969593.344	1.817961483	1.982835537	1.988615387	1.778238567	0.886365087	0.647726205	0.390574599	0.230015928	0.098193545	0.056056992	1.919554792	1.802098969	2.051565055	1.624164673	0.791477421	0.527908014	0.337999438	0.177019454	0.066285661	0.041593731	1.96910271	1.897051778	2.019095438	1.501639791	0.714448672	0.437649258	0.234824295	0.107315019	0.045608912	0.0469356	1.835725893	1.631300601	2.054008557	1.311280352	0.569648392	0.293452419	0.161524457	0.070394323	0.027406512	0.014582277
A0FGR8	55	ESYT2	1	5437956.844	1.602770516	1.981390284	1.903982873	1.472146933	1.020924568	0.52241392	0.240055425	0.150553766	0.05684344	0.078631029	2.222003085	2.028135576	2.006454521	1.332899907	0.88875742	0.440312401	0.16290946	0.081190575	0.043733286	0.049411661	2.102294736	1.902568011	1.903685175	1.458951231	0.819290295	0.427787837	0.141072006	0.067965862	0.024058441	0.013714775	1.824468555	1.653646092	1.74940297	1.234709009	0.792594327	0.265229433	0.122248802	0.051578255	0.010030508	0.02612364
A0JLT2	10	MED19	1	415847.358	1.740392114	1.719591758	1.772485123	1.467302837	0.884941987	0.739716385	0.520831319	0.288837546	0.324054857	0.282192674	1.554410097	1.54214823	1.840758607	1.551409085	1.066801126	0.771254255	0.481997772	0.342141752	0.18179439	0.250928877	1.858789693	1.924972167	1.810127662	1.634116412	0.96415185	0.576792756	0.461519696	0.216525031	0.252629032	0.13535158	1.582177553	1.461970518	1.840452966	1.696226366	1.113858827	1.01369014	0.442709741	0.300101534	0.253796248	0.295016105
